location,placeid
America,ChIJCzYy5IS16lQRQrfeQ5K5Oxw
Europe,ChIJhdqtz4aI7UYRefD8s-aZ73I
Jackson Street,ChIJw34Q38OAhYARULF5jDe-8cE
Hudson,ChIJbU_L8ymU3YkRzaqMXJfLnmQ
Waterloo,ChIJ3xjvH7NN5YcRGOs8-41AWeg
Portsmouth,ChIJKaTUSnW_4okRzk48SGm0S2U
China,ChIJwULG5WSOUDERbzafNHyqHZU
Fulham,ChIJf94ACJ8PdkgRgtfjfRLnk44
Mexico,ChIJU1NoiDs6BIQREZgJa760ZO0
Quebec,ChIJk4jbBYqWuEwRAzro8GMtxY8
Austria,ChIJfyqdJZsHbUcRr8Hk3XvUEhA
Bengal,ChIJh-iXE_8W-jkRCqLnwz06VHE
Windsor,ChIJlydZ50frwIcR00Bf_w3z_CY
Lancashire,ChIJ2_UmUkxNekgRZRtGDNF9SbU
Andes,ChIJL51OWvySh5YRVHkUAg1TFos
Missouri,ChIJfeMiSNXmwIcRcr1mBFnEW7U
Italy,ChIJA9KNRIL-1BIRb15jJFz1LOI
Lausanne,ChIJ5aeJzT4pjEcRXu7iysk_F-s
Naples,ChIJrdfCc5vh2ogRqpos1xhTP2c
Constantinople,ChIJawhoAASnyhQR0LABvJj-zOE
Spain,ChIJi7xhMnjjQgwR7KNoB5Qs7KY
Wisconsin,ChIJr-OEkw_0qFIR1kmG-LjV1fI
Paris,ChIJD7fiBh9u5kcRYJSMaMOCCwQ
china,ChIJwULG5WSOUDERbzafNHyqHZU
Whitsuntide,
Rome,ChIJu46S-ZZhLxMROG5lkwZ3D7k
St. George,ChIJ5TlJmNBEyoARHhyh-PIHF1M
Indian Ocean,ChIJH2p_crJNFxgRN5apY1C_1Oo
Baltimore,ChIJt4P01q4DyIkRWOcjQqiWSAQ
Greece,ChIJY2xxEcdKWxMRHS2a3HUXOjY
Canada,ChIJ2WrMN9MDDUsRpY9Doiq3aJk
West End,ChIJuxo3InRWN20RCsg3_E3rW1k
Ohio,ChIJwY5NtXrpNogRFtmfnDlkzeU
Denver,ChIJzxcfI6qAa4cR1jaKJ_j0jhE
Wellington,ChIJy3TpSfyxOG0RcLQTomPvAAo
Kansas City,ChIJl5npr173wIcRolGqauYlhVU
Russia,ChIJ-yRniZpWPEURE_YRZvj9CRQ
Oregon,ChIJVWqfm3xuk1QRdrgLettlTH0
Hercules,ChIJreeBgipnhYAROboW0_Uk_Vg
Peru,ChIJ9RRZwFDIBZERSAYheRIBnvI
Florida,ChIJvypWkWV2wYgR0E7HW9MTLvc
US,ChIJCzYy5IS16lQRQrfeQ5K5Oxw
Providence,ChIJXXN-Q-BE5IkRJ7azSE1832k
Newman Street,ChIJP6byPfX5wokRQDFuN5Qy_Cs
Cursitor Street,ChIJIyScmUwbdkgRBgZTu3CR_8g
Florence,ChIJrdbSgKZWKhMRAyrH7xd51ZM
Iowa,ChIJGWD48W9e7ocR2VnHV0pj78Y
Tottenham Court Road,ChIJNzWspC4bdkgRX-S3bCb_D0g
Holborn,ChIJHcFAL-LqwIcR2EnRAu89hx0
Edinburgh,ChIJIyaYpQC4h0gRJxfnfHsU8mQ
Grosvenor Square,ChIJ-_Xhli0FdkgRwYbM2r7CmPA
East,ChIJg5808_dfUocRgQ05uF_6fxk
Knightsbridge,ChIJSXdyLEcFdkgRnABwROMM4MY
Fifth Avenue,ChIJ9Uc4naJYwokRSndBAbr7TVY
St. Louis,ChIJ-Y7t-qm02IcRW-C7IsrqOb4
Pacific,ChIJWc9_wKTAk1QRTwvYQ6yxyX8
Wenham,ChIJ3S_FDRIX44kRYCRqrOx3OFA
Versailles,ChIJdUyx15R95kcRj85ZX8H8OAU
Hyde Park,ChIJozoM4U0U3YkR7NqOW7eqyb8
Mediterranean,ChIJnzxHHLghFBMRQPjM_opZky4
Oxford Street,ChIJwTXDVNUadkgRGnzGNLlkIdo
Central America,ChIJEQho98BYC48RcCULBsfgrI0
Broadway,ChIJOSMjjVlWwokRnpaTPyaFi9o
Greenwich,ChIJJc-4yymo2EcRwqZo5HwjGEk
Dubuque,ChIJ04aKwIQr44cRR3GjJsYevrQ
Lombard Street,ChIJgQ-3a-aAhYARmRLswQrO0xA
Newfoundland,ChIJD_AvfcKjDEsRqDl21bOd7GQ
Yorkshire,ChIJAZ0l5wZS0okRjQTC2nprUR8
Spitzbergen,ChIJScCjT9zPoUURdeg1G-dz8ys
Esq.,
South,ChIJbc5OGRoo9ocR6gAqXgzMaZw
Germany,ChIJa76xwh5ymkcRW-WRjmtd6HU
Maine,ChIJ1YpTHd4dsEwR0KggZ2_MedY
Liverpool,ChIJt2BwZIrfekgRAW4XP28E3EI
Marseilles,ChIJM1PaREO_yRIRIAKX_aUZCAQ
Salem,ChIJt1b4amRp44kRRVmlpaK44IE
Christendom,ChIJiWcsFI7EtYkRxrlG03sy_Lg
Michigan,ChIJEQTKxz2qTE0Rs8liellI3Zc
Jericho,ChIJZ4X_5mHMHBURu2hWaKQoFIE
Hampshire,ChIJCY_IX6x4c0gRjTozj4I7b1E
Richmond,ChIJ7cmZVwkRsYkRxTxC4m0-2L8
Atlantic,ChIJ4WQptXaz7IcR2ESOgjwoSsg
Thames,ChIJB4W7m_i7dkgRohLOLKSh8J0
Mississippi,ChIJGdRK5OQyKIYR2qbc6X8XDWI
Portland Place,ChIJZ9gtnNYadkgRZUgusIWeu_c
Virginia,ChIJzbK8vXDWTIgRlaZGt0lBTsA
Omaha,ChIJ7fwMtciNk4cRBLY3rk9NQkY
Leicester,ChIJc2y3SatCd0gRuJy0byodFZo
Texas,ChIJSTKCCzZwQIYRPN4IGI8c6xY
Turkey,ChIJcSZPllwVsBQRKl9iKtTb2UA
California,ChIJPV4oX_65j4ARVW8IJ6IJUYs
North,ChIJsdwrZ_wMK4cRLB6b-PxynBo
Tahiti,ChIJZR4tmFOzm3YR-qOIiTr0PEE
Ireland,ChIJ-ydAXOS6WUgRCPTbzjQSfM8
New England,ChIJP3fuARk5skwR7aW7DG3mHlQ
Suffolk,ChIJTx1a_QwPsIkRzVASAEShGXc
Massachusetts,ChIJ_b9z6W1l44kRHA2DVTbQxkU
Birmingham,ChIJ07-FWN8RiYgRzlS66gl0UCU
Hampstead,ChIJ4bikyX8QdkgRa--QlKo4yE8
Westminster,ChIJn39Zoh6Ia4cRF0R0P3BXz6g
Chicago,ChIJ7cv00DwsDogRAMDACa2m4K8
Bellingham,ChIJF4dF8i6WhVQR8OA5zamcetU
Brussels,ChIJZ2jHc-2kw0cRpwJzeGY6i8E
Manchester,ChIJ2_UmUkxNekgRqmv-BDgUvtk
Oxford,ChIJW0iM76nGdkgR7a8BoIMY_9I
Boulogne,ChIJY6NXsUAs3EcRMPtjgT7xCgQ
England,ChIJ39UebIqp0EcRqI4tMyWV4fQ
Orleans,ChIJ44bzndTk5EcRKYDDeeR9uZ4
Beacon Street,ChIJMfDBQVt444kRffyb3GXEuK8
Brazil,ChIJzyjM68dZnAARYz4p8gYVWik
Central Park,ChIJ4zGFAZpYwokRGUGph3Mf37k
Madras,ChIJYTN9T-plUjoRM9RjaAunYW4
Calcutta,ChIJZ_YISduC-DkRvCxsj-Yw40M
Cape,ChIJ8aVKFNGfskwR3z4hJGScBLw
Albany,ChIJS_tPzDQK3okRxCjnoBJjoeE
Athens,ChIJ8UNwBh-9oRQR3Y1mdkU1Nic
Rochester,ChIJU7MUlgWz1okRHuYlQfwfAFo
Chatham,ChIJU76vaCEU-4kRU1pIfew2RHE
Carteret,ChIJVetWkK-0w4kRo5Jojq91CeU
Mars,ChIJ2wRSV9G6j4ARxRAjnwkScEg
West,ChIJV_eisjpnXIYRQuzjhuEo_4E
New Zealand,ChIJh5Z3Fw4gLG0RM0dqdeIY1rE
Cambridge,ChIJqRIn1E532EcRu7Vt86uAyiE
Washington,ChIJ-bDD5__lhVQRuvNfbGh4QpQ
France,ChIJMVd4MymgVA0R99lHx5Y__Ws
Northumberland,ChIJzWRvDH6FfUgRmcRi5Pzuur8
Nebraska,ChIJ7fwMtciNk4cRxArzDwyQJ6E
San Francisco,ChIJIQBpAG2ahYAR_6128GcTUEo
Pearl,ChIJf8AEEPT1XIYR8-fiipXt9h0
India,ChIJkbeSa_BfYzARphNChaFPjNc
Eaton Square,ChIJs_VjEHaNtocRYsMKc7Q5QWI
Egypt,ChIJ6TZcw3aJNhQRRMTEJQmgRSw
Flint,ChIJF3OXpft4I4gRa2gzjgk6hcE
Asia,ChIJV-jLJIrxYzYRWfSg0_xrQak
Vatican,ChIJPS3UVwqJJRMRsH46sppPCQA
New York,ChIJOwg_06VPwokRYv534QaPC8g
Norway,ChIJv-VNj0VoEkYRK9BkuJ07sKE
Bristol,ChIJTYnr7iqdWogRVofY2v7yVz8
City Road,ChIJR_vrSVgbdkgRQPTLBvwoNns
Warren Street,ChIJj-hXfCgbdkgRWewwuunWzdg
Africa,ChIJ1fWMlApsoBARs_CQnslwghA
Brighton,ChIJZ0Ep9gmFdUgR-Q59cnqvxpw
West Side,ChIJIV6KvgWF5IkRjK8qyX9JwMI
Holland,ChIJu-SH28MJxkcRnwq9_851obM
Southampton,ChIJCSkVvleJc0gR8HHaTGpajKc
Jamaica,ChIJnXHPxhsq2o4R-g4StcDRoFk
Chancery Lane,ChIJt7EfXUsbdkgRX-QGt3UxedE
Lincoln,ChIJZRJWylm-locRud7VH5uFOmM
Leicester Square,ChIJPcTFENIEdkgR94E58rgB69o
London,ChIJdd4hrwug2EcRmSrV3Vo6llI
Covent Garden,ChIJs4GOh8sEdkgRRiBFZKMP8ZE
Waukesha,ChIJV5eOlCamBYgRlZyYYTShLas
Jupiter,ChIJfW8aRDUz2YgRIZqJ_29IUdw
Madeira,ChIJ7y75-KDpXwwRb166dGfldww
Vermont,ChIJ_87aSGzctEwRtGtUNnSJTSY
Cumberland,ChIJKQGUscSOyokR4hRwWJaM3Js
Venice,ChIJiT3W8dqxfkcRLxCSvfDGo3s
Dearborn,ChIJa9jAyQY1O4gRwDbK70HTDwc
Vienna,ChIJn8o2UZ4HbUcRRluiUYrlwv0
Bloomsbury,ChIJKwiSeRRzxIkRnlFGzYJJqZE
Newport,ChIJa5cJBbe65YkRIW8vLPeWXs4
Cheltenham,ChIJOUJNELOwxokR6b88D5zyvtY
New Orleans,ChIJZYIRslSkIIYRtNMiXuhbBts
Boston,ChIJGzE9DS1l44kRoOhiASS_fHg
Frisco,ChIJPZQJvBo8TIYRov7INbBx08o
Lincoln Park,ChIJHxiiuRvTD4gRkjkPmU415xk
Derby,ChIJp8qkhjLkeUgR3zZOld7JXwA
Nineveh,ChIJF_rDwJlwa4gRme-alTzORp0
St. Peter,ChIJaZfvavjjkEcRAFrfpbdrHwQ
Kansas,ChIJawF8cXEXo4cRXwk-S6m0wmg
Detroit,ChIJdR3LEAHKJIgR0sS5NU6Gdlc
South America,ChIJtTRdNRw0CZQRK-PGyc8M1Gk
Scotland,ChIJn6HyA8TiYUgRFAfDCdj6wec
Charlotte,ChIJgRo4_MQfVIgRZNFDv-ZQRog
Switzerland,ChIJYW1Zb-9kjEcRFXvLDxG1Vlw
Prague,ChIJi3lwCZyTC0cRkEAWZg-vAAQ
Israel,ChIJi8mnMiRJABURuiw1EyBCa2o
Philadelphia,ChIJ60u11Ni3xokRwVg-jNgU9Yk
Lincolnshire,ChIJDT9v_Gq-D4gRfzu_L3ZQDFI
Pall Mall,ChIJEQMX6vaAZ4gR8SWNbXVS7Gk
Islington,ChIJ5Tvr7V0bdkgRyWXsGMuF8FQ
Greenland,ChIJFXfA47sNok4RGOIUAYOdzzQ
Montague,ChIJqbxbuykw4YkRP5bKTyKzw6o
Britain,ChIJdd4hrwug2EcRmSrV3Vo6llI
North Side,ChIJkc7FdVLTD4gRzgVtnActe9s
Michigan Avenue,ChIJbV-ocqwsDogRmuNLge0dhBw
Park Lane,ChIJ8TZFQz-eToYR_RZEnLIkPLQ
Wales,ChIJ7Q8cbLY0ZEgRouilirxxux4
Dublin,ChIJL6wn6oAOZ0gRoHExl6nHAAo
Miss.,ChIJGdRK5OQyKIYR2qbc6X8XDWI
States,ChIJsbNRuoYD9YgRsXpcyDLdOSo
Milwaukee,ChIJ50eLV9cCBYgRhHtBtSIZX0Q
Illinois,ChIJGSZubzgtC4gRVlkRZFCCFX8
Japan,ChIJLxl_1w9OZzQRRFJmfNR1QvU
West Indies,ChIJf08-eENH1Y4R9XOHlUBtSz8
United States,ChIJCzYy5IS16lQRQrfeQ5K5Oxw
Great Britain,ChIJAc8Rblc_YkgRBbyOF5ySMQs
Norfolk,ChIJRcoiUzqXuokRCh56zn8Qmas
